customer_id,name,email,dob,balance,status
C100000,Customer 0,user0@example.com,1980-01-01,3745.4,active
C100001,Customer 1,user1@example.com,1980-01-08,9507.14,active
C100002,Customer 2,user2@example.com,1980-01-15,7319.94,inactive
C100003,Customer 3,user3@example.com,1980-01-22,5986.58,inactive
C100004,Customer 4,user4@example.com,1980-01-29,1560.19,inactive
C100005,Customer 5,user5@example.com,1980-02-05,1559.95,active
C100006,Customer 6,user6@example.com,1980-02-12,580.84,active
C100007,Customer 7,user7@example.com,1980-02-19,8661.76,inactive
C100008,Customer 8,user8@example.com,1980-02-26,6011.15,active
C100009,Customer 9,user9@example.com,1980-03-04,7080.73,active
C100010,Customer 10,user10@example.com,1980-03-11,205.84,active
C100011,Customer 11,user11@example.com,1980-03-18,9699.1,pending
C100012,Customer 12,user12@example.com,1980-03-25,8324.43,pending
C100013,Customer 13,user13@example.com,1980-04-01,2123.39,pending
C100014,Customer 14,user14@example.com,1980-04-08,1818.25,inactive
C100015,Customer 15,user15@example.com,1980-04-15,1834.05,pending
C100016,Customer 16,user16@example.com,1980-04-22,3042.42,active
C100017,Customer 17,user17@example.com,1980-04-29,5247.56,active
C100018,Customer 18,user18@example.com,1980-05-06,4319.45,pending
C100019,Customer 19,user19@example.com,1980-05-13,2912.29,active
C100020,Customer 20,user20@example.com,1980-05-20,6118.53,active
C100021,Customer 21,user21@example.com,1980-05-27,1394.94,active
C100022,Customer 22,user22@example.com,1980-06-03,2921.45,pending
C100023,Customer 23,updated_user23@example.com,1980-06-10,3663.62,pending
C100024,Customer 24,user24@example.com,1980-06-17,4560.7,pending
C100025,Customer 25,user25@example.com,1980-06-24,7851.76,active
C100026,Customer 26,user26@example.com,1980-07-01,2001.39,inactive
C100027,Customer 27,user27@example.com,1980-07-08,5142.34,inactive
C100028,Customer 28,user28@example.com,1980-07-15,5924.15,active
C100029,Customer 29,user29@example.com,1980-07-22,464.5,inactive
C100030,Customer 30,user30@example.com,1980-07-29,6075.45,active
C100031,Customer 31,user31@example.com,1980-08-05,1705.24,active
C100032,Customer 32,user32@example.com,1980-08-12,650.52,active
C100033,Customer 33 Jr.,user33@example.com,1980-08-19,9488.86,active
C100034,Customer 34,user34@example.com,1980-08-26,9656.32,active
C100035,Customer 35,user35@example.com,1980-09-02,8083.97,active
C100036,Customer 36,user36@example.com,1980-09-09,3046.14,active
C100037,Customer 37,user37@example.com,1980-09-16,976.72,inactive
C100038,Customer 38,user38@example.com,1980-09-23,6842.33,active
C100039,Customer 39,user39@example.com,1980-09-30,4401.52,active
C100040,Customer 40,user40@example.com,1980-10-07,1220.38,active
C100041,Customer 41,user41@example.com,1980-10-14,4951.77,inactive
C100042,Customer 42,user42@example.com,1980-10-21,343.89,active
C100043,Customer 43,user43@example.com,1980-10-28,9093.2,active
C100044,Customer 44,user44@example.com,1980-11-04,2587.8,inactive
C100045,Customer 45,user45@example.com,1980-11-11,6625.22,active
C100046,Customer 46,user46@example.com,1980-11-18,3117.11,active
C100047,Customer 47,user47@example.com,1980-11-25,5200.68,active
C100048,Customer 48,user48@example.com,1980-12-02,5467.1,inactive
C100049,Customer 49,user49@example.com,1980-12-09,1848.54,active
C100050,Customer 50,user50@example.com,1980-12-16,9695.85,pending
C100051,Customer 51,user51@example.com,1980-12-23,7751.33,active
C100052,Customer 52,user52@example.com,1980-12-30,9394.99,pending
C100053,Customer 53,user53@example.com,1981-01-06,8948.27,inactive
C100054,Customer 54,user54@example.com,1981-01-13,5979.0,pending
C100055,Customer 55,user55@example.com,1981-01-20,9218.74,active
C100056,Customer 56,user56@example.com,1981-01-27,884.93,inactive
C100057,Customer 57,user57@example.com,1981-02-03,1959.83,active
C100058,Customer 58,user58@example.com,1981-02-10,452.27,active
C100059,Customer 59,user59@example.com,1981-02-17,3253.3,active
C100060,Customer 60,user60@example.com,1981-02-24,3886.77,inactive
C100061,Customer 61,user61@example.com,1981-03-03,2713.49,pending
C100062,Customer 62,user62@example.com,1981-03-10,8287.38,inactive
C100063,Customer 63,user63@example.com,1981-03-17,3567.53,active
C100064,Customer 64,user64@example.com,1981-03-24,2809.35,active
C100065,Customer 65,user65@example.com,1981-03-31,5426.96,inactive
C100066,Customer 66,user66@example.com,1981-04-07,1409.24,active
C100067,Customer 67,user67@example.com,1981-04-14,8021.97,active
C100068,Customer 68,user68@example.com,1981-04-21,745.51,active
C100069,Customer 69,user69@example.com,1981-04-28,9868.87,active
C100070,Customer 70,user70@example.com,1981-05-05,7722.45,active
C100071,Customer 71,user71@example.com,1981-05-12,1987.16,active
C100072,Customer 72,user72@example.com,1981-05-19,55.22,active
C100073,Customer 73,user73@example.com,1981-05-26,8154.61,active
C100074,Customer 74,user74@example.com,1981-06-02,7068.57,pending
C100075,Customer 75,user75@example.com,1981-06-09,7290.07,active
C100076,Customer 76,user76@example.com,1981-06-16,7712.7,active
C100077,Customer 77,user77@example.com,1981-06-23,740.45,active
C100078,Customer 78,user78@example.com,1981-06-30,3584.66,active
C100079,Customer 79,user79@example.com,1981-07-07,1158.69,pending
C100080,Customer 80,user80@example.com,1981-07-14,8631.03,inactive
C100081,Customer 81,user81@example.com,1981-07-21,6232.98,active
C100082,Customer 82,user82@example.com,1981-07-28,3308.98,active
C100083,Customer 83,user83@example.com,1981-08-04,635.58,inactive
C100084,Customer 84,user84@example.com,1981-08-11,3109.82,pending
C100085,Customer 85,user85@example.com,1981-08-18,3251.83,active
C100086,Customer 86,user86@example.com,1981-08-25,7296.06,active
C100087,Customer 87,user87@example.com,1981-09-01,6375.57,active
C100088,Customer 88,user88@example.com,1981-09-08,8872.13,pending
C100089,Customer 89,user89@example.com,1981-09-15,4722.15,active
C100090,Customer 90,user90@example.com,1981-09-22,1195.94,pending
C100091,Customer 91,user91@example.com,1981-09-29,7132.45,active
C100092,Customer 92,user92@example.com,1981-10-06,7607.85,active
C100093,Customer 93,user93@example.com,1981-10-13,5612.77,active
C100094,Customer 94,user94@example.com,1981-10-20,7709.67,active
C100095,Customer 95,user95@example.com,1981-10-27,4937.96,active
C100096,Customer 96,user96@example.com,1981-11-03,5227.33,active
C100097,Customer 97,user97@example.com,1981-11-10,4275.41,active
C100098,Customer 98,user98@example.com,1981-11-17,254.19,inactive
C100099,Customer 99,user99@example.com,1981-11-24,1078.91,active
C100100,Customer 100,user100@example.com,1981-12-01,314.29,pending
C100101,Customer 101,user101@example.com,1981-12-08,6364.1,pending
C100102,Customer 102,user102@example.com,1981-12-15,3143.56,inactive
C100103,Customer 103,user103@example.com,1981-12-22,5085.71,pending
C100104,Customer 104,user104@example.com,1981-12-29,9075.66,pending
C100106,Customer 106,user106@example.com,1982-01-12,4103.83,active
C100107,Customer 107,user107@example.com,1982-01-19,7555.51,inactive
C100108,Customer 108,user108@example.com,1982-01-26,2287.98,active
C100109,Customer 109,user109@example.com,1982-02-02,769.8,active
C100110,Customer 110,user110@example.com,1982-02-09,2897.51,inactive
C100111,Customer 111,user111@example.com,1982-02-16,1612.21,active
C100112,Customer 112,user112@example.com,1982-02-23,9296.98,active
C100113,Customer 113,user113@example.com,1982-03-02,8081.2,active
C100114,Customer 114,user114@example.com,1982-03-09,6334.04,active
C100115,Customer 115,user115@example.com,1982-03-16,8714.61,active
C100116,Customer 116,user116@example.com,1982-03-23,8036.72,active
C100117,Customer 117,user117@example.com,1982-03-30,1865.7,inactive
C100118,Customer 118,user118@example.com,1982-04-06,8925.59,active
C100119,Customer 119,user119@example.com,1982-04-13,5393.42,active
C100120,Customer 120,user120@example.com,1982-04-20,8074.4,inactive
C100121,Customer 121,user121@example.com,1982-04-27,8960.91,pending
C100122,Customer 122,user122@example.com,1982-05-04,3180.03,inactive
C100123,Customer 123,user123@example.com,1982-05-11,1100.52,inactive
C100124,Customer 124,user124@example.com,1982-05-18,2279.35,active
C100125,Customer 125,user125@example.com,1982-05-25,4271.08,active
C100126,Customer 126,user126@example.com,1982-06-01,8180.15,active
C100127,Customer 127,user127@example.com,1982-06-08,8607.31,active
C100128,Customer 128,user128@example.com,1982-06-15,69.52,active
C100129,Customer 129,user129@example.com,1982-06-22,5107.47,active
C100130,Customer 130,user130@example.com,1982-06-29,4174.11,inactive
C100131,Customer 131,user131@example.com,1982-07-06,2221.08,active
C100132,Customer 132,user132@example.com,1982-07-13,1198.65,active
C100133,Customer 133,user133@example.com,1982-07-20,3376.15,active
C100134,Customer 134,user134@example.com,1982-07-27,9429.1,active
C100135,Customer 135,user135@example.com,1982-08-03,3232.03,active
C100136,Customer 136,user136@example.com,1982-08-10,5187.91,inactive
C100137,Customer 137,user137@example.com,1982-08-17,7030.19,active
C100138,Customer 138,user138@example.com,1982-08-24,3636.3,active
C100139,Customer 139,user139@example.com,1982-08-31,9717.82,active
C100140,Customer 140,user140@example.com,1982-09-07,9624.47,inactive
C100141,Customer 141,user141@example.com,1982-09-14,2517.82,active
C100142,Customer 142,user142@example.com,1982-09-21,4972.49,active
C100143,Customer 143,user143@example.com,1982-09-28,3008.78,active
C100144,Customer 144,user144@example.com,1982-10-05,2848.4,active
C100145,Customer 145,user145@example.com,1982-10-12,368.87,inactive
C100146,Customer 146,user146@example.com,1982-10-19,6095.64,inactive
C100147,Customer 147,user147@example.com,1982-10-26,5026.79,active
C100148,Customer 148,user148@example.com,1982-11-02,514.79,inactive
C100149,Customer 149,user149@example.com,1982-11-09,2786.46,inactive
C100150,Customer 150,user150@example.com,1982-11-16,9082.66,inactive
C100151,Customer 151,user151@example.com,1982-11-23,2395.62,inactive
C100152,Customer 152,user152@example.com,1982-11-30,1448.95,active
C100153,Customer 153,user153@example.com,1982-12-07,4894.53,active
C100154,Customer 154,user154@example.com,1982-12-14,9856.5,active
C100155,Customer 155,user155@example.com,1982-12-21,2420.55,inactive
C100156,Customer 156,user156@example.com,1982-12-28,6721.36,active
C100157,Customer 157,user157@example.com,1983-01-04,7616.2,inactive
C100158,Customer 158,user158@example.com,1983-01-11,2376.38,inactive
C100159,Customer 159,user159@example.com,1983-01-18,7282.16,active
C100160,Customer 160,user160@example.com,1983-01-25,3677.83,inactive
C100161,Customer 161,user161@example.com,1983-02-01,6323.06,active
C100162,Customer 162,user162@example.com,1983-02-08,6335.3,active
C100163,Customer 163,user163@example.com,1983-02-15,5357.75,inactive
C100164,Customer 164,user164@example.com,1983-02-22,902.9,active
C100165,Customer 165,user165@example.com,1983-03-01,8353.02,inactive
C100166,Customer 166,user166@example.com,1983-03-08,3207.8,inactive
C100167,Customer 167,user167@example.com,1983-03-15,1865.19,active
C100168,Customer 168,user168@example.com,1983-03-22,407.75,active
C100169,Customer 169,user169@example.com,1983-03-29,5908.93,active
C100170,Customer 170,user170@example.com,1983-04-05,6775.64,active
C100171,Customer 171,user171@example.com,1983-04-12,165.88,pending
C100172,Customer 172,user172@example.com,1983-04-19,5120.93,active
C100173,Customer 173,user173@example.com,1983-04-26,2264.96,active
C100174,Customer 174,user174@example.com,1983-05-03,6451.73,active
C100175,Customer 175,user175@example.com,1983-05-10,1743.66,active
C100176,Customer 176,user176@example.com,1983-05-17,6909.38,inactive
C100177,Customer 177,user177@example.com,1983-05-24,3867.35,active
C100178,Customer 178,user178@example.com,1983-05-31,9367.3,inactive
C100179,Customer 179,user179@example.com,1983-06-07,1375.21,active
C100180,Customer 180,user180@example.com,1983-06-14,3410.66,pending
C100181,Customer 181,user181@example.com,1983-06-21,1134.74,active
C100182,Customer 182,user182@example.com,1983-06-28,9246.94,active
C100183,Customer 183,user183@example.com,1983-07-05,8773.39,pending
C100184,Customer 184,user184@example.com,1983-07-12,2579.42,active
C100185,Customer 185,user185@example.com,1983-07-19,6599.84,pending
C100186,Customer 186,user186@example.com,1983-07-26,8172.22,active
C100187,Customer 187,user187@example.com,1983-08-02,5552.01,active
C100188,Customer 188,user188@example.com,1983-08-09,5296.51,active
C100189,Customer 189,user189@example.com,1983-08-16,2418.52,inactive
C100190,Customer 190,user190@example.com,1983-08-23,931.03,active
C100191,Customer 191,user191@example.com,1983-08-30,8972.16,active
C100192,Customer 192,user192@example.com,1983-09-06,9004.18,active
C100193,Customer 193,user193@example.com,1983-09-13,6331.01,active
C100194,Customer 194,user194@example.com,1983-09-20,3390.3,active
C100195,Customer 195,user195@example.com,1983-09-27,3492.1,inactive
C100196,Customer 196,user196@example.com,1983-10-04,7259.56,pending
C100197,Customer 197,user197@example.com,1983-10-11,8971.1,pending
C100198,Customer 198,user198@example.com,1983-10-18,8870.86,inactive
C100199,Customer 199,user199@example.com,1983-10-25,7798.76,active
C100200,Customer 200,user200@example.com,1983-11-01,6420.32,inactive
C100201,Customer 201,user201@example.com,1983-11-08,841.4,active
C100202,Customer 202,user202@example.com,1983-11-15,1616.29,active
C100203,Customer 203,user203@example.com,1983-11-22,8985.54,active
C100204,Customer 204,user204@example.com,1983-11-29,6064.29,active
C100205,Customer 205,user205@example.com,1983-12-06,91.97,inactive
C100206,Customer 206,user206@example.com,1983-12-13,1014.72,active
C100207,Customer 207,user207@example.com,1983-12-20,6635.02,active
C100208,Customer 208,user208@example.com,1983-12-27,50.62,active
C100209,Customer 209,user209@example.com,1984-01-03,1608.08,pending
C100210,Customer 210,user210@example.com,1984-01-10,5487.34,active
C100211,Customer 211,user211@example.com,1984-01-17,6918.95,active
C100212,Customer 212,user212@example.com,1984-01-24,6519.61,active
C100213,Customer 213,user213@example.com,1984-01-31,2242.69,inactive
C100214,Customer 214,user214@example.com,1984-02-07,7121.79,active
C100215,Customer 215,user215@example.com,1984-02-14,2372.49,active
C100216,Customer 216,user216@example.com,1984-02-21,3254.0,active
C100217,Customer 217,user217@example.com,1984-02-28,7914.82,active
C100218,Customer 218,user218@example.com,1984-03-06,6496.33,active
C100219,Customer 219,user219@example.com,1984-03-13,8492.23,active
C100220,Customer 220,user220@example.com,1984-03-20,6576.13,pending
C100221,Customer 221,user221@example.com,1984-03-27,5683.09,active
C100222,Customer 222,user222@example.com,1984-04-03,936.75,active
C100223,Customer 223,user223@example.com,1984-04-10,3677.16,pending
C100224,Customer 224,user224@example.com,1984-04-17,2652.02,active
C100225,Customer 225,user225@example.com,1984-04-24,2439.9,active
C100226,Customer 226,user226@example.com,1984-05-01,9730.11,active
C100227,Customer 227,user227@example.com,1984-05-08,3930.98,active
C100228,Customer 228,user228@example.com,1984-05-15,8920.47,pending
C100229,Customer 229,user229@example.com,1984-05-22,6311.39,active
C100230,Customer 230,user230@example.com,1984-05-29,7948.11,inactive
C100231,Customer 231,user231@example.com,1984-06-05,5026.37,active
C100232,Customer 232,user232@example.com,1984-06-12,5769.04,active
C100233,Customer 233,user233@example.com,1984-06-19,4925.18,active
C100234,Customer 234,user234@example.com,1984-06-26,1952.43,active
C100235,Customer 235,user235@example.com,1984-07-03,7224.52,active
C100236,Customer 236,user236@example.com,1984-07-10,2807.72,inactive
C100237,Customer 237,user237@example.com,1984-07-17,243.16,active
C100238,Customer 238,user238@example.com,1984-07-24,6454.72,pending
C100239,Customer 239,user239@example.com,1984-07-31,1771.11,active
C100240,Customer 240,user240@example.com,1984-08-07,9404.59,inactive
C100241,Customer 241,user241@example.com,1984-08-14,9539.29,inactive
C100242,Customer 242,user242@example.com,1984-08-21,9148.64,inactive
C100243,Customer 243,user243@example.com,1984-08-28,3701.59,inactive
C100244,Customer 244,user244@example.com,1984-09-04,154.57,inactive
C100245,Customer 245,user245@example.com,1984-09-11,9283.19,active
C100246,Customer 246,user246@example.com,1984-09-18,4281.84,active
C100247,Customer 247,user247@example.com,1984-09-25,9666.55,active
C100248,Customer 248,user248@example.com,1984-10-02,9636.2,pending
C100249,Customer 249,user249@example.com,1984-10-09,8530.09,active
C100250,Customer 250,updated_user250@example.com,1984-10-16,2944.49,inactive
C100251,Customer 251,user251@example.com,1984-10-23,4234.25,active
C100252,Customer 252,user252@example.com,1984-10-30,8511.37,active
C100253,Customer 253,user253@example.com,1984-11-06,3169.22,active
C100254,Customer 254,user254@example.com,1984-11-13,1694.93,active
C100255,Customer 255,user255@example.com,1984-11-20,5568.01,active
C100256,Customer 256,user256@example.com,1984-11-27,9361.55,active
C100257,Customer 257,updated_user257@example.com,1984-12-04,6960.3,active
C100258,Customer 258,user258@example.com,1984-12-11,5700.61,active
C100259,Customer 259,user259@example.com,1984-12-18,971.76,active
C100260,Customer 260,user260@example.com,1984-12-25,6150.07,active
C100261,Customer 261,user261@example.com,1985-01-01,9900.54,inactive
C100262,Customer 262,user262@example.com,1985-01-08,1400.84,active
C100263,Customer 263,user263@example.com,1985-01-15,5183.3,active
C100264,Customer 264,user264@example.com,1985-01-22,8773.73,active
C100265,Customer 265,user265@example.com,1985-01-29,7407.69,active
C100266,Customer 266,user266@example.com,1985-02-05,6970.16,active
C100267,Customer 267,user267@example.com,1985-02-12,7024.84,active
C100268,Customer 268,user268@example.com,1985-02-19,3594.91,active
C100269,Customer 269,user269@example.com,1985-02-26,3227.26,active
C100270,Customer 270,user270@example.com,1985-03-05,8093.61,active
C100271,Customer 271,user271@example.com,1985-03-12,8101.13,inactive
C100272,Customer 272,user272@example.com,1985-03-19,8670.72,inactive
C100273,Customer 273,user273@example.com,1985-03-26,9132.41,active
C100274,Customer 274,user274@example.com,1985-04-02,5113.42,active
C100275,Customer 275,user275@example.com,1985-04-09,5015.16,active
C100276,Customer 276,user276@example.com,1985-04-16,8096.57,active
C100277,Customer 277,user277@example.com,1985-04-23,6499.64,pending
C100278,Customer 278,user278@example.com,1985-04-30,7019.67,active
C100279,Customer 279,user279@example.com,1985-05-07,7957.93,active
C100280,Customer 280,user280@example.com,1985-05-14,8900.05,active
C100281,Customer 281,user281@example.com,1985-05-21,3379.95,inactive
C100282,Customer 282,user282@example.com,1985-05-28,3755.83,active
C100283,Customer 283,user283@example.com,1985-06-04,939.82,active
C100284,Customer 284,user284@example.com,1985-06-11,5782.8,active
C100285,Customer 285,updated_user285@example.com,1985-06-18,359.42,active
C100286,Customer 286,user286@example.com,1985-06-25,4902.14,active
C100287,Customer 287,user287@example.com,1985-07-02,5426.45,active
C100288,Customer 288,user288@example.com,1985-07-09,2865.41,active
C100289,Customer 289,user289@example.com,1985-07-16,5908.33,active
C100290,Customer 290,user290@example.com,1985-07-23,305.0,active
C100291,Customer 291,user291@example.com,1985-07-30,373.48,active
C100292,Customer 292,user292@example.com,1985-08-06,8355.72,active
C100293,Customer 293,user293@example.com,1985-08-13,3601.91,active
C100294,Customer 294,user294@example.com,1985-08-20,1270.61,inactive
C100295,Customer 295,user295@example.com,1985-08-27,5222.43,active
C100296,Customer 296,user296@example.com,1985-09-03,7699.94,active
C100297,Customer 297,user297@example.com,1985-09-10,2158.21,active
C100298,Customer 298,user298@example.com,1985-09-17,6228.9,active
C100299,Customer 299,user299@example.com,1985-09-24,853.47,inactive
C100300,Customer 300,user300@example.com,1985-10-01,516.82,active
C100301,Customer 301,user301@example.com,1985-10-08,5313.55,pending
C100302,Customer 302,user302@example.com,1985-10-15,5406.35,active
C100303,Customer 303,user303@example.com,1985-10-22,6374.3,active
C100304,Customer 304,user304@example.com,1985-10-29,7260.91,inactive
C100305,Customer 305,user305@example.com,1985-11-05,9758.52,inactive
C100306,Customer 306,user306@example.com,1985-11-12,5163.0,inactive
C100307,Customer 307,user307@example.com,1985-11-19,3229.56,inactive
C100308,Customer 308,user308@example.com,1985-11-26,7951.86,active
C100309,Customer 309,user309@example.com,1985-12-03,2708.32,inactive
C100310,Customer 310,user310@example.com,1985-12-10,4389.71,active
C100311,Customer 311,user311@example.com,1985-12-17,784.56,inactive
C100312,Customer 312,user312@example.com,1985-12-24,253.51,active
C100313,Customer 313,user313@example.com,1985-12-31,9626.48,inactive
C100314,Customer 314,user314@example.com,1986-01-07,8359.8,active
C100315,Customer 315,user315@example.com,1986-01-14,6959.74,active
C100316,Customer 316,user316@example.com,1986-01-21,4089.53,active
C100317,Customer 317,user317@example.com,1986-01-28,1732.94,inactive
C100318,Customer 318,user318@example.com,1986-02-04,1564.37,active
C100319,Customer 319,user319@example.com,1986-02-11,2502.43,active
C100320,Customer 320,user320@example.com,1986-02-18,5492.27,active
C100321,Customer 321,user321@example.com,1986-02-25,7145.96,active
C100322,Customer 322,user322@example.com,1986-03-04,6601.97,inactive
C100323,Customer 323,user323@example.com,1986-03-11,2799.34,active
C100324,Customer 324,user324@example.com,1986-03-18,9548.65,pending
C100325,Customer 325,user325@example.com,1986-03-25,7378.97,active
C100326,Customer 326,user326@example.com,1986-04-01,5543.54,active
C100327,Customer 327,user327@example.com,1986-04-08,6117.21,inactive
C100328,Customer 328,user328@example.com,1986-04-15,4196.0,active
C100329,Customer 329,user329@example.com,1986-04-22,2477.31,active
C100330,Customer 330,user330@example.com,1986-04-29,3559.73,active
C100331,Customer 331,user331@example.com,1986-05-06,7578.46,inactive
C100332,Customer 332,user332@example.com,1986-05-13,143.93,active
C100333,Customer 333,user333@example.com,1986-05-20,1160.73,pending
C100334,Customer 334,user334@example.com,1986-05-27,460.03,pending
C100335,Customer 335,user335@example.com,1986-06-03,407.29,active
C100336,Customer 336,user336@example.com,1986-06-10,8554.61,active
C100337,Customer 337,user337@example.com,1986-06-17,7036.58,active
C100338,Customer 338,user338@example.com,1986-06-24,4741.74,active
C100339,Customer 339,user339@example.com,1986-07-01,978.34,active
C100340,Customer 340,user340@example.com,1986-07-08,4916.16,active
C100341,Customer 341,user341@example.com,1986-07-15,4734.72,active
C100342,Customer 342,user342@example.com,1986-07-22,1732.02,inactive
C100343,Customer 343,user343@example.com,1986-07-29,4338.52,inactive
C100344,Customer 344,user344@example.com,1986-08-05,3985.05,inactive
C100345,Customer 345,user345@example.com,1986-08-12,6158.5,active
C100346,Customer 346,user346@example.com,1986-08-19,6350.94,active
C100347,Customer 347,user347@example.com,1986-08-26,453.04,active
C100348,Customer 348,user348@example.com,1986-09-02,3746.13,pending
C100349,Customer 349,user349@example.com,1986-09-09,6258.6,active
C100350,Customer 350,user350@example.com,1986-09-16,5031.36,inactive
C100351,Customer 351,user351@example.com,1986-09-23,8564.9,active
C100352,Customer 352,user352@example.com,1986-09-30,6586.94,active
C100353,Customer 353,user353@example.com,1986-10-07,1629.34,inactive
C100354,Customer 354,user354@example.com,1986-10-14,705.69,active
C100355,Customer 355,user355@example.com,1986-10-21,6424.19,inactive
C100356,Customer 356,user356@example.com,1986-10-28,265.11,pending
C100357,Customer 357,user357@example.com,1986-11-04,5857.76,active
C100358,Customer 358,user358@example.com,1986-11-11,9402.3,active
C100359,Customer 359,user359@example.com,1986-11-18,5754.74,active
C100360,Customer 360,user360@example.com,1986-11-25,3881.7,pending
C100361,Customer 361,user361@example.com,1986-12-02,6432.88,active
C100362,Customer 362,user362@example.com,1986-12-09,4582.53,active
C100363,Customer 363,user363@example.com,1986-12-16,5456.17,active
C100364,Customer 364,user364@example.com,1986-12-23,9414.65,inactive
C100365,Customer 365,user365@example.com,1986-12-30,3861.03,active
C100366,Customer 366,user366@example.com,1987-01-06,9611.91,inactive
C100367,Customer 367,user367@example.com,1987-01-13,9053.51,pending
C100368,Customer 368,user368@example.com,1987-01-20,1957.91,active
C100369,Customer 369,user369@example.com,1987-01-27,693.61,active
C100370,Customer 370,user370@example.com,1987-02-03,1007.78,pending
C100371,Customer 371,user371@example.com,1987-02-10,182.22,active
C100372,Customer 372,user372@example.com,1987-02-17,944.43,inactive
C100373,Customer 373,user373@example.com,1987-02-24,6830.07,active
C100374,Customer 374,user374@example.com,1987-03-03,711.89,active
C100375,Customer 375,user375@example.com,1987-03-10,3189.76,inactive
C100376,Customer 376,user376@example.com,1987-03-17,8448.75,active
C100377,Customer 377,user377@example.com,1987-03-24,232.72,active
C100378,Customer 378,user378@example.com,1987-03-31,8144.68,active
C100379,Customer 379,user379@example.com,1987-04-07,2818.55,active
C100380,Customer 380,user380@example.com,1987-04-14,1181.65,active
C100381,Customer 381,user381@example.com,1987-04-21,6967.37,active
C100382,Customer 382,user382@example.com,1987-04-28,6289.43,pending
C100383,Customer 383,user383@example.com,1987-05-05,8774.72,active
C100384,Customer 384,user384@example.com,1987-05-12,7350.71,active
C100385,Customer 385,user385@example.com,1987-05-19,8034.81,active
C100386,Customer 386,user386@example.com,1987-05-26,2820.35,inactive
C100387,Customer 387,user387@example.com,1987-06-02,1774.4,active
C100388,Customer 388,user388@example.com,1987-06-09,7506.15,pending
C100389,Customer 389,user389@example.com,1987-06-16,8068.35,active
C100390,Customer 390,user390@example.com,1987-06-23,9905.05,active
C100391,Customer 391,user391@example.com,1987-06-30,4126.18,active
C100392,Customer 392,user392@example.com,1987-07-07,3720.18,active
C100393,Customer 393,user393@example.com,1987-07-14,7764.13,active
C100394,Customer 394,user394@example.com,1987-07-21,3408.04,active
C100395,Customer 395,user395@example.com,1987-07-28,9307.57,inactive
C100396,Customer 396,updated_user396@example.com,1987-08-04,8584.13,active
C100397,Customer 397,user397@example.com,1987-08-11,4289.94,active
C100398,Customer 398,user398@example.com,1987-08-18,7508.71,active
C100399,Customer 399,user399@example.com,1987-08-25,7545.43,inactive
C100400,Customer 400,user400@example.com,1987-09-01,1031.24,active
C100401,Customer 401,user401@example.com,1987-09-08,9025.53,active
C100402,Customer 402,user402@example.com,1987-09-15,5052.52,active
C100403,Customer 403,user403@example.com,1987-09-22,8264.57,inactive
C100404,Customer 404,user404@example.com,1987-09-29,3200.5,active
C100405,Customer 405,user405@example.com,1987-10-06,8955.23,active
C100406,Customer 406,user406@example.com,1987-10-13,3892.02,inactive
C100407,Customer 407,user407@example.com,1987-10-20,108.38,inactive
C100408,Customer 408,user408@example.com,1987-10-27,9053.82,active
C100409,Customer 409,user409@example.com,1987-11-03,912.87,inactive
C100410,Customer 410,user410@example.com,1987-11-10,3193.14,active
C100411,Customer 411,user411@example.com,1987-11-17,9500.62,active
C100412,Customer 412,user412@example.com,1987-11-24,9506.07,active
C100413,Customer 413,user413@example.com,1987-12-01,5734.38,active
C100414,Customer 414,user414@example.com,1987-12-08,6318.37,active
C100415,Customer 415 Jr.,user415@example.com,1987-12-15,4484.46,pending
C100416,Customer 416,user416@example.com,1987-12-22,2932.11,active
C100417,Customer 417,updated_user417@example.com,1987-12-29,3286.65,active
C100418,Customer 418,user418@example.com,1988-01-05,6725.18,active
C100419,Customer 419,user419@example.com,1988-01-12,7523.75,pending
C100420,Customer 420,user420@example.com,1988-01-19,7915.79,active
C100421,Customer 421,user421@example.com,1988-01-26,7896.18,active
C100422,Customer 422,user422@example.com,1988-02-02,912.06,active
C100423,Customer 423,user423@example.com,1988-02-09,4944.2,active
C100424,Customer 424,user424@example.com,1988-02-16,575.59,pending
C100425,Customer 425,user425@example.com,1988-02-23,5495.29,pending
C100426,Customer 426,user426@example.com,1988-03-01,4415.31,active
C100427,Customer 427,user427@example.com,1988-03-08,8877.04,pending
C100428,Customer 428,user428@example.com,1988-03-15,3509.15,active
C100429,Customer 429,user429@example.com,1988-03-22,1170.67,inactive
C100430,Customer 430,user430@example.com,1988-03-29,1429.92,active
C100431,Customer 431 Jr.,user431@example.com,1988-04-05,7615.11,active
C100432,Customer 432,user432@example.com,1988-04-12,6182.18,active
C100433,Customer 433,user433@example.com,1988-04-19,1011.23,active
C100434,Customer 434,user434@example.com,1988-04-26,841.07,active
C100435,Customer 435,user435@example.com,1988-05-03,7009.69,active
C100436,Customer 436,user436@example.com,1988-05-10,727.63,active
C100437,Customer 437,user437@example.com,1988-05-17,8218.6,inactive
C100438,Customer 438,user438@example.com,1988-05-24,7062.42,active
C100439,Customer 439,user439@example.com,1988-05-31,813.49,active
C100440,Customer 440,user440@example.com,1988-06-07,848.38,pending
C100441,Customer 441,user441@example.com,1988-06-14,9866.4,active
C100442,Customer 442,user442@example.com,1988-06-21,3742.71,active
C100443,Customer 443,user443@example.com,1988-06-28,3706.42,active
C100444,Customer 444,user444@example.com,1988-07-05,8128.0,inactive
C100445,Customer 445,user445@example.com,1988-07-12,9472.49,active
C100446,Customer 446,user446@example.com,1988-07-19,9860.01,active
C100447,Customer 447,user447@example.com,1988-07-26,7533.78,pending
C100448,Customer 448 Jr.,user448@example.com,1988-08-02,3762.6,pending
C100449,Customer 449,updated_user449@example.com,1988-08-09,835.01,active
C100450,Customer 450,user450@example.com,1988-08-16,7771.47,active
C100451,Customer 451,user451@example.com,1988-08-23,5584.04,active
C100452,Customer 452,user452@example.com,1988-08-30,4242.22,inactive
C100453,Customer 453,user453@example.com,1988-09-06,9063.54,active
C100454,Customer 454,user454@example.com,1988-09-13,1111.97,active
C100455,Customer 455,user455@example.com,1988-09-20,4926.25,pending
C100456,Customer 456,user456@example.com,1988-09-27,113.54,active
C100457,Customer 457,user457@example.com,1988-10-04,4686.61,active
C100458,Customer 458,user458@example.com,1988-10-11,563.03,active
C100459,Customer 459,user459@example.com,1988-10-18,1188.18,active
C100460,Customer 460,user460@example.com,1988-10-25,1175.26,active
C100461,Customer 461,user461@example.com,1988-11-01,6492.1,active
C100462,Customer 462,user462@example.com,1988-11-08,7460.45,active
C100463,Customer 463,user463@example.com,1988-11-15,5833.69,active
C100464,Customer 464,user464@example.com,1988-11-22,9621.73,pending
C100465,Customer 465,user465@example.com,1988-11-29,3748.71,active
C100466,Customer 466,user466@example.com,1988-12-06,2857.12,pending
C100467,Customer 467,user467@example.com,1988-12-13,8685.99,active
C100468,Customer 468,user468@example.com,1988-12-20,2235.96,inactive
C100469,Customer 469,user469@example.com,1988-12-27,9632.23,inactive
C100470,Customer 470,user470@example.com,1989-01-03,121.54,active
C100471,Customer 471,user471@example.com,1989-01-10,9698.79,inactive
C100472,Customer 472,user472@example.com,1989-01-17,431.6,inactive
C100473,Customer 473,user473@example.com,1989-01-24,8911.43,active
C100474,Customer 474,user474@example.com,1989-01-31,5277.01,active
C100475,Customer 475,user475@example.com,1989-02-07,9929.65,active
C100476,Customer 476,user476@example.com,1989-02-14,737.97,inactive
C100477,Customer 477,user477@example.com,1989-02-21,5538.54,inactive
C100478,Customer 478,user478@example.com,1989-02-28,9693.03,inactive
C100479,Customer 479,user479@example.com,1989-03-07,5230.98,active
C100480,Customer 480,user480@example.com,1989-03-14,6293.99,inactive
C100481,Customer 481,user481@example.com,1989-03-21,6957.49,active
C100482,Customer 482,user482@example.com,1989-03-28,4545.41,active
C100483,Customer 483,user483@example.com,1989-04-04,6275.58,active
C100484,Customer 484,user484@example.com,1989-04-11,5843.14,active
C100485,Customer 485,user485@example.com,1989-04-18,9011.58,active
C100486,Customer 486,user486@example.com,1989-04-25,454.46,active
C100487,Customer 487,user487@example.com,1989-05-02,2809.63,active
C100488,Customer 488,user488@example.com,1989-05-09,9504.11,active
C100489,Customer 489,user489@example.com,1989-05-16,8902.64,active
C100490,Customer 490,user490@example.com,1989-05-23,4556.57,active
C100491,Customer 491,user491@example.com,1989-05-30,6201.33,active
C100492,Customer 492,user492@example.com,1989-06-06,2773.81,active
C100493,Customer 493,user493@example.com,1989-06-13,1881.21,active
C100494,Customer 494,user494@example.com,1989-06-20,4636.98,active
C100495,Customer 495,user495@example.com,1989-06-27,3533.52,active
C100496,Customer 496,user496@example.com,1989-07-04,5836.56,active
C100497,Customer 497,user497@example.com,1989-07-11,777.35,active
C100498,Customer 498,user498@example.com,1989-07-18,9743.95,active
C100499,Customer 499,user499@example.com,1989-07-25,9862.11,inactive
C100500,Customer 500,user500@example.com,1989-08-01,6981.62,active
C100501,Customer 501,updated_user501@example.com,1989-08-08,5360.96,active
C100502,Customer 502,user502@example.com,1989-08-15,3095.28,active
C100503,Customer 503,user503@example.com,1989-08-22,8137.95,active
C100504,Customer 504,user504@example.com,1989-08-29,6847.31,active
C100505,Customer 505,user505@example.com,1989-09-05,1626.17,active
C100506,Customer 506,user506@example.com,1989-09-12,9109.27,active
C100507,Customer 507,user507@example.com,1989-09-19,8225.37,active
C100508,Customer 508,user508@example.com,1989-09-26,9498.0,active
C100509,Customer 509,user509@example.com,1989-10-03,7257.2,inactive
C100510,Customer 510,user510@example.com,1989-10-10,6134.15,inactive
C100511,Customer 511,user511@example.com,1989-10-17,4182.43,inactive
C100512,Customer 512,user512@example.com,1989-10-24,9327.28,pending
C100513,Customer 513,user513@example.com,1989-10-31,8660.64,active
C100514,Customer 514,user514@example.com,1989-11-07,452.19,active
C100515,Customer 515,user515@example.com,1989-11-14,263.67,active
C100516,Customer 516,user516@example.com,1989-11-21,3764.63,active
C100517,Customer 517,user517@example.com,1989-11-28,8105.53,inactive
C100518,Customer 518,user518@example.com,1989-12-05,9872.76,active
C100519,Customer 519,user519@example.com,1989-12-12,1504.17,pending
C100520,Customer 520,user520@example.com,1989-12-19,5941.31,active
C100522,Customer 522,user522@example.com,1990-01-02,9699.14,active
C100523,Customer 523,user523@example.com,1990-01-09,8421.19,active
C100524,Customer 524,user524@example.com,1990-01-16,8383.29,active
C100525,Customer 525,user525@example.com,1990-01-23,4686.93,active
C100526,Customer 526,user526@example.com,1990-01-30,4148.2,active
C100527,Customer 527,user527@example.com,1990-02-06,2734.07,active
C100528,Customer 528 Jr.,user528@example.com,1990-02-13,563.75,inactive
C100529,Customer 529,user529@example.com,1990-02-20,8647.22,active
C100530,Customer 530,user530@example.com,1990-02-27,8129.01,active
C100531,Customer 531,user531@example.com,1990-03-06,9997.18,active
C100532,Customer 532,user532@example.com,1990-03-13,9966.37,inactive
C100533,Customer 533,user533@example.com,1990-03-20,5554.32,active
C100534,Customer 534,user534@example.com,1990-03-27,7689.87,active
C100535,Customer 535,user535@example.com,1990-04-03,9447.66,active
C100536,Customer 536,user536@example.com,1990-04-10,8496.47,active
C100537,Customer 537,user537@example.com,1990-04-17,2473.48,active
C100538,Customer 538,user538@example.com,1990-04-24,4505.44,active
C100539,Customer 539,user539@example.com,1990-05-01,1291.59,pending
C100540,Customer 540,user540@example.com,1990-05-08,9540.51,inactive
C100541,Customer 541,user541@example.com,1990-05-15,6061.75,active
C100542,Customer 542,user542@example.com,1990-05-22,2286.43,active
C100543,Customer 543,user543@example.com,1990-05-29,6717.01,active
C100544,Customer 544,user544@example.com,1990-06-05,6181.28,pending
C100545,Customer 545,user545@example.com,1990-06-12,3581.63,active
C100546,Customer 546,user546@example.com,1990-06-19,1135.58,inactive
C100547,Customer 547,user547@example.com,1990-06-26,6715.73,active
C100548,Customer 548,user548@example.com,1990-07-03,5203.08,active
C100549,Customer 549,user549@example.com,1990-07-10,7723.18,active
C100550,Customer 550,user550@example.com,1990-07-17,5201.64,pending
C100551,Customer 551,user551@example.com,1990-07-24,8521.82,active
C100552,Customer 552,user552@example.com,1990-07-31,5519.07,inactive
C100553,Customer 553,user553@example.com,1990-08-07,5609.38,inactive
C100554,Customer 554,user554@example.com,1990-08-14,8766.54,active
C100555,Customer 555,user555@example.com,1990-08-21,4034.83,active
C100556,Customer 556,user556@example.com,1990-08-28,1340.15,active
C100557,Customer 557,user557@example.com,1990-09-04,287.83,active
C100558,Customer 558,user558@example.com,1990-09-11,7551.37,inactive
C100559,Customer 559,user559@example.com,1990-09-18,6203.1,pending
C100560,Customer 560,user560@example.com,1990-09-25,7040.8,active
C100561,Customer 561,user561@example.com,1990-10-02,2129.64,active
C100562,Customer 562,user562@example.com,1990-10-09,1363.71,inactive
C100563,Customer 563,user563@example.com,1990-10-16,145.45,active
C100564,Customer 564,user564@example.com,1990-10-23,3505.88,inactive
C100565,Customer 565,user565@example.com,1990-10-30,5899.18,active
C100566,Customer 566,user566@example.com,1990-11-06,3922.44,active
C100567,Customer 567,user567@example.com,1990-11-13,4374.75,active
C100568,Customer 568,user568@example.com,1990-11-20,9041.59,active
C100569,Customer 569,user569@example.com,1990-11-27,3482.55,active
C100570,Customer 570,user570@example.com,1990-12-04,5139.89,active
C100571,Customer 571,user571@example.com,1990-12-11,7836.53,active
C100572,Customer 572,user572@example.com,1990-12-18,3965.43,inactive
C100573,Customer 573,user573@example.com,1990-12-25,6220.87,inactive
C100574,Customer 574,user574@example.com,1991-01-01,8623.64,active
C100575,Customer 575,user575@example.com,1991-01-08,9495.21,active
C100576,Customer 576,user576@example.com,1991-01-15,1470.73,active
C100577,Customer 577 Jr.,user577@example.com,1991-01-22,9265.88,active
C100578,Customer 578,user578@example.com,1991-01-29,4921.16,active
C100579,Customer 579,user579@example.com,1991-02-05,2582.44,active
C100580,Customer 580,user580@example.com,1991-02-12,4591.36,active
C100581,Customer 581,user581@example.com,1991-02-19,9800.33,active
C100582,Customer 582,user582@example.com,1991-02-26,4926.18,active
C100583,Customer 583,user583@example.com,1991-03-05,3287.52,active
C100584,Customer 584,user584@example.com,1991-03-12,6334.01,pending
C100585,Customer 585,user585@example.com,1991-03-19,2401.46,active
C100586,Customer 586,user586@example.com,1991-03-26,758.63,active
C100587,Customer 587,user587@example.com,1991-04-02,1288.8,active
C100588,Customer 588,user588@example.com,1991-04-09,1280.46,active
C100589,Customer 589,user589@example.com,1991-04-16,1519.03,inactive
C100590,Customer 590,user590@example.com,1991-04-23,1388.27,active
C100591,Customer 591,user591@example.com,1991-04-30,6408.75,pending
C100592,Customer 592,user592@example.com,1991-05-07,1818.8,active
C100593,Customer 593,user593@example.com,1991-05-14,3456.67,active
C100594,Customer 594,user594@example.com,1991-05-21,8967.88,inactive
C100595,Customer 595,user595@example.com,1991-05-28,4739.62,active
C100596,Customer 596,user596@example.com,1991-06-04,6675.58,active
C100597,Customer 597,user597@example.com,1991-06-11,1723.2,active
C100598,Customer 598,user598@example.com,1991-06-18,2012.5,active
C100599,Customer 599,user599@example.com,1991-06-25,408.69,inactive
C100600,Customer 600,user600@example.com,1991-07-02,1689.35,active
C100601,Customer 601,user601@example.com,1991-07-09,2785.9,active
C100602,Customer 602,user602@example.com,1991-07-16,1770.1,active
C100603,Customer 603,user603@example.com,1991-07-23,887.03,active
C100604,Customer 604,user604@example.com,1991-07-30,1206.36,active
C100605,Customer 605,user605@example.com,1991-08-06,4607.79,active
C100606,Customer 606,user606@example.com,1991-08-13,2063.34,active
C100607,Customer 607,user607@example.com,1991-08-20,3642.7,inactive
C100608,Customer 608,user608@example.com,1991-08-27,5034.17,active
C100609,Customer 609,user609@example.com,1991-09-03,6903.95,active
C100610,Customer 610,user610@example.com,1991-09-10,393.12,inactive
C100611,Customer 611,user611@example.com,1991-09-17,7994.1,active
C100612,Customer 612,user612@example.com,1991-09-24,6279.0,active
C100613,Customer 613,user613@example.com,1991-10-01,817.59,active
C100614,Customer 614,user614@example.com,1991-10-08,8735.79,active
C100615,Customer 615,user615@example.com,1991-10-15,9208.72,active
C100616,Customer 616,user616@example.com,1991-10-22,610.78,pending
C100617,Customer 617,user617@example.com,1991-10-29,2768.78,active
C100618,Customer 618,user618@example.com,1991-11-05,8062.01,active
C100619,Customer 619,user619@example.com,1991-11-12,7482.6,inactive
C100620,Customer 620,user620@example.com,1991-11-19,1845.21,active
C100621,Customer 621,user621@example.com,1991-11-26,2093.49,active
C100622,Customer 622,user622@example.com,1991-12-03,3704.72,active
C100623,Customer 623,user623@example.com,1991-12-10,4845.23,pending
C100624,Customer 624,user624@example.com,1991-12-17,6182.55,active
C100625,Customer 625,user625@example.com,1991-12-24,3689.14,active
C100626,Customer 626,user626@example.com,1991-12-31,4625.35,active
C100627,Customer 627,user627@example.com,1992-01-07,7474.71,active
C100628,Customer 628,user628@example.com,1992-01-14,366.83,active
C100629,Customer 629,user629@example.com,1992-01-21,2524.37,active
C100630,Customer 630,user630@example.com,1992-01-28,7133.5,inactive
C100631,Customer 631,user631@example.com,1992-02-04,8952.07,active
C100632,Customer 632,user632@example.com,1992-02-11,5116.77,active
C100633,Customer 633,user633@example.com,1992-02-18,5321.13,inactive
C100634,Customer 634,user634@example.com,1992-02-25,1071.72,pending
C100635,Customer 635,user635@example.com,1992-03-03,4474.12,active
C100636,Customer 636,user636@example.com,1992-03-10,5326.17,active
C100637,Customer 637,user637@example.com,1992-03-17,2424.71,active
C100638,Customer 638,user638@example.com,1992-03-24,2692.43,pending
C100639,Customer 639,user639@example.com,1992-03-31,3772.84,pending
C100640,Customer 640,user640@example.com,1992-04-07,200.71,active
C100641,Customer 641,user641@example.com,1992-04-14,3220.79,inactive
C100642,Customer 642,user642@example.com,1992-04-21,2114.48,active
C100643,Customer 643,user643@example.com,1992-04-28,3274.97,active
C100644,Customer 644,user644@example.com,1992-05-05,1197.62,active
C100645,Customer 645,user645@example.com,1992-05-12,8905.27,inactive
C100646,Customer 646,user646@example.com,1992-05-19,5935.92,active
C100647,Customer 647,user647@example.com,1992-05-26,6791.02,inactive
C100648,Customer 648,user648@example.com,1992-06-02,7891.71,inactive
C100649,Customer 649,user649@example.com,1992-06-09,4984.42,inactive
C100650,Customer 650,user650@example.com,1992-06-16,869.2,active
C100651,Customer 651,user651@example.com,1992-06-23,5371.07,active
C100652,Customer 652,user652@example.com,1992-06-30,5868.41,active
C100653,Customer 653,user653@example.com,1992-07-07,7454.39,active
C100654,Customer 654,user654@example.com,1992-07-14,4316.6,active
C100655,Customer 655,user655@example.com,1992-07-21,1275.8,pending
C100656,Customer 656,user656@example.com,1992-07-28,2837.76,active
C100657,Customer 657,user657@example.com,1992-08-04,3630.82,active
C100658,Customer 658,user658@example.com,1992-08-11,6459.17,active
C100659,Customer 659,user659@example.com,1992-08-18,5707.78,active
C100660,Customer 660,user660@example.com,1992-08-25,3809.65,active
C100661,Customer 661,user661@example.com,1992-09-01,9865.15,active
C100662,Customer 662,user662@example.com,1992-09-08,6057.75,pending
C100663,Customer 663,user663@example.com,1992-09-15,2372.27,active
C100664,Customer 664 Jr.,user664@example.com,1992-09-22,1017.82,pending
C100665,Customer 665,user665@example.com,1992-09-29,1528.59,inactive
C100666,Customer 666,user666@example.com,1992-10-06,2459.58,active
C100667,Customer 667,user667@example.com,1992-10-13,1606.81,pending
C100668,Customer 668,user668@example.com,1992-10-20,1865.67,active
C100669,Customer 669,user669@example.com,1992-10-27,2850.95,inactive
C100670,Customer 670,user670@example.com,1992-11-03,1733.74,active
C100671,Customer 671,user671@example.com,1992-11-10,8967.65,inactive
C100672,Customer 672,user672@example.com,1992-11-17,802.34,inactive
C100673,Customer 673,user673@example.com,1992-11-24,5245.11,inactive
C100674,Customer 674,user674@example.com,1992-12-01,4103.97,inactive
C100675,Customer 675,user675@example.com,1992-12-08,9823.79,active
C100676,Customer 676,user676@example.com,1992-12-15,1120.39,active
C100677,Customer 677,user677@example.com,1992-12-22,3978.56,active
C100678,Customer 678,user678@example.com,1992-12-29,9694.7,active
C100679,Customer 679,user679@example.com,1993-01-05,8655.07,active
C100680,Customer 680,user680@example.com,1993-01-12,8170.72,active
C100681,Customer 681,user681@example.com,1993-01-19,2579.03,pending
C100682,Customer 682,user682@example.com,1993-01-26,1708.88,active
C100684,Customer 684,user684@example.com,1993-02-09,9293.76,active
C100685,Customer 685,user685@example.com,1993-02-16,5567.63,inactive
C100686,Customer 686,user686@example.com,1993-02-23,5716.13,pending
C100687,Customer 687,user687@example.com,1993-03-02,2799.79,active
C100688,Customer 688,user688@example.com,1993-03-09,7694.93,active
C100689,Customer 689,user689@example.com,1993-03-16,1870.44,inactive
C100691,Customer 691,user691@example.com,1993-03-30,4254.36,active
C100692,Customer 692,user692@example.com,1993-04-06,5076.1,active
C100693,Customer 693,user693@example.com,1993-04-13,2424.1,active
C100694,Customer 694,user694@example.com,1993-04-20,1148.37,active
C100695,Customer 695,user695@example.com,1993-04-27,6106.2,active
C100696,Customer 696,user696@example.com,1993-05-04,2886.31,active
C100697,Customer 697,user697@example.com,1993-05-11,5812.38,active
C100698,Customer 698,user698@example.com,1993-05-18,1543.63,pending
C100699,Customer 699,user699@example.com,1993-05-25,4811.4,active
C100700,Customer 700,user700@example.com,1993-06-01,4807.89,pending
C100701,Customer 701,user701@example.com,1993-06-08,518.24,active
C100702,Customer 702,user702@example.com,1993-06-15,3366.04,active
C100703,Customer 703,user703@example.com,1993-06-22,1344.15,active
C100704,Customer 704,user704@example.com,1993-06-29,633.75,active
C100705,Customer 705,user705@example.com,1993-07-06,9899.6,active
C100706,Customer 706,user706@example.com,1993-07-13,3223.54,active
C100707,Customer 707,user707@example.com,1993-07-20,8098.74,active
C100708,Customer 708,user708@example.com,1993-07-27,2546.41,active
C100709,Customer 709,user709@example.com,1993-08-03,6815.03,active
C100710,Customer 710,user710@example.com,1993-08-10,7602.28,active
C100711,Customer 711,user711@example.com,1993-08-17,5956.39,active
C100712,Customer 712,user712@example.com,1993-08-24,4715.76,inactive
C100713,Customer 713,user713@example.com,1993-08-31,4118.41,active
C100714,Customer 714,user714@example.com,1993-09-07,3488.68,active
C100715,Customer 715,user715@example.com,1993-09-14,9295.29,pending
C100716,Customer 716,updated_user716@example.com,1993-09-21,8306.19,active
C100718,Customer 718,user718@example.com,1993-10-05,1242.97,pending
C100719,Customer 719,user719@example.com,1993-10-12,7308.67,active
C100720,Customer 720,user720@example.com,1993-10-19,9383.4,active
C100721,Customer 721,user721@example.com,1993-10-26,1812.33,active
C100722,Customer 722,user722@example.com,1993-11-02,664.96,active
C100723,Customer 723,user723@example.com,1993-11-09,7411.21,active
C100724,Customer 724,user724@example.com,1993-11-16,5744.73,active
C100725,Customer 725,user725@example.com,1993-11-23,8418.29,active
C100726,Customer 726,user726@example.com,1993-11-30,1397.72,active
C100727,Customer 727,user727@example.com,1993-12-07,7952.67,pending
C100728,Customer 728 Jr.,user728@example.com,1993-12-14,2016.27,inactive
C100729,Customer 729,user729@example.com,1993-12-21,1636.56,active
C100730,Customer 730,user730@example.com,1993-12-28,1642.66,active
C100731,Customer 731,user731@example.com,1994-01-04,8145.75,active
C100732,Customer 732,user732@example.com,1994-01-11,6651.97,active
C100733,Customer 733,user733@example.com,1994-01-18,5230.65,active
C100734,Customer 734,user734@example.com,1994-01-25,3588.3,active
C100735,Customer 735,user735@example.com,1994-02-01,8772.01,inactive
C100736,Customer 736,user736@example.com,1994-02-08,3924.45,active
C100737,Customer 737,user737@example.com,1994-02-15,8165.99,active
C100738,Customer 738,user738@example.com,1994-02-22,4391.35,active
C100739,Customer 739,user739@example.com,1994-03-01,3769.44,active
C100740,Customer 740,user740@example.com,1994-03-08,4626.8,inactive
C100741,Customer 741,user741@example.com,1994-03-15,3013.78,inactive
C100742,Customer 742,user742@example.com,1994-03-22,7476.09,inactive
C100743,Customer 743,user743@example.com,1994-03-29,5027.2,active
C100744,Customer 744,user744@example.com,1994-04-05,2322.13,active
C100745,Customer 745,user745@example.com,1994-04-12,8995.75,active
C100746,Customer 746,user746@example.com,1994-04-19,3838.91,active
C100747,Customer 747 Jr.,user747@example.com,1994-04-26,5435.53,active
C100748,Customer 748,user748@example.com,1994-05-03,9064.72,inactive
C100749,Customer 749,user749@example.com,1994-05-10,6242.38,active
C100750,Customer 750,user750@example.com,1994-05-17,1168.98,active
C100751,Customer 751,user751@example.com,1994-05-24,9398.32,active
C100752,Customer 752,user752@example.com,1994-05-31,6277.08,active
C100753,Customer 753,user753@example.com,1994-06-07,3349.06,active
C100754,Customer 754,user754@example.com,1994-06-14,1392.72,pending
C100755,Customer 755,user755@example.com,1994-06-21,7940.25,inactive
C100756,Customer 756,user756@example.com,1994-06-28,6200.73,pending
C100757,Customer 757,user757@example.com,1994-07-05,5334.61,active
C100758,Customer 758,user758@example.com,1994-07-12,8938.93,active
C100759,Customer 759,user759@example.com,1994-07-19,7885.97,active
C100760,Customer 760,user760@example.com,1994-07-26,1516.75,active
C100761,Customer 761,user761@example.com,1994-08-02,3117.22,inactive
C100762,Customer 762,user762@example.com,1994-08-09,2484.89,active
C100763,Customer 763,user763@example.com,1994-08-16,7439.46,active
C100764,Customer 764,user764@example.com,1994-08-23,335.32,active
C100765,Customer 765,user765@example.com,1994-08-30,5698.9,active
C100766,Customer 766,user766@example.com,1994-09-06,7624.59,inactive
C100767,Customer 767,user767@example.com,1994-09-13,8767.66,active
C100768,Customer 768,user768@example.com,1994-09-20,3420.82,active
C100769,Customer 769,user769@example.com,1994-09-27,8212.57,active
C100770,Customer 770,user770@example.com,1994-10-04,1106.32,active
C100771,Customer 771,updated_user771@example.com,1994-10-11,8464.52,inactive
C100772,Customer 772,user772@example.com,1994-10-18,1274.89,inactive
C100773,Customer 773,user773@example.com,1994-10-25,3972.87,pending
C100774,Customer 774 Jr.,user774@example.com,1994-11-01,7972.95,inactive
C100775,Customer 775,user775@example.com,1994-11-08,1499.17,active
C100776,Customer 776,user776@example.com,1994-11-15,2292.51,active
C100777,Customer 777,user777@example.com,1994-11-22,7222.53,active
C100778,Customer 778,user778@example.com,1994-11-29,7200.37,active
C100779,Customer 779,user779@example.com,1994-12-06,6411.48,inactive
C100780,Customer 780,user780@example.com,1994-12-13,6939.48,active
C100781,Customer 781,user781@example.com,1994-12-20,5427.24,pending
C100782,Customer 782,user782@example.com,1994-12-27,2517.99,active
C100783,Customer 783,user783@example.com,1995-01-03,3456.96,active
C100784,Customer 784,user784@example.com,1995-01-10,1815.98,active
C100785,Customer 785,user785@example.com,1995-01-17,9084.51,inactive
C100786,Customer 786,user786@example.com,1995-01-24,5833.92,active
C100787,Customer 787,user787@example.com,1995-01-31,4008.51,active
C100788,Customer 788,user788@example.com,1995-02-07,4620.06,active
C100789,Customer 789,user789@example.com,1995-02-14,9472.83,active
C100790,Customer 790,user790@example.com,1995-02-21,1533.51,active
C100791,Customer 791,user791@example.com,1995-02-28,5862.3,inactive
C100792,Customer 792,user792@example.com,1995-03-07,5058.89,active
C100793,Customer 793,user793@example.com,1995-03-14,6114.54,active
C100794,Customer 794,user794@example.com,1995-03-21,181.1,active
C100795,Customer 795,user795@example.com,1995-03-28,7876.58,active
C100796,Customer 796,user796@example.com,1995-04-04,9321.18,inactive
C100797,Customer 797,user797@example.com,1995-04-11,5651.33,active
C100798,Customer 798,user798@example.com,1995-04-18,6966.51,active
C100799,Customer 799,user799@example.com,1995-04-25,9224.99,active
C100800,Customer 800,user800@example.com,1995-05-02,7072.39,pending
C100801,Customer 801,user801@example.com,1995-05-09,1525.39,inactive
C100802,Customer 802,user802@example.com,1995-05-16,5762.88,active
C100803,Customer 803,user803@example.com,1995-05-23,6067.15,active
C100804,Customer 804,user804@example.com,1995-05-30,4241.31,active
C100805,Customer 805,user805@example.com,1995-06-06,7364.44,inactive
C100806,Customer 806,user806@example.com,1995-06-13,9343.67,active
C100807,Customer 807,user807@example.com,1995-06-20,9255.69,active
C100808,Customer 808,user808@example.com,1995-06-27,4508.39,active
C100809,Customer 809,user809@example.com,1995-07-04,1132.38,active
C100810,Customer 810,user810@example.com,1995-07-11,9848.41,active
C100811,Customer 811,user811@example.com,1995-07-18,8388.98,inactive
C100812,Customer 812,user812@example.com,1995-07-25,1246.63,active
C100813,Customer 813,user813@example.com,1995-08-01,9208.42,active
C100814,Customer 814,user814@example.com,1995-08-08,8698.96,active
C100815,Customer 815,user815@example.com,1995-08-15,5188.38,pending
C100816,Customer 816,user816@example.com,1995-08-22,5912.75,active
C100817,Customer 817,user817@example.com,1995-08-29,3990.03,inactive
C100818,Customer 818,user818@example.com,1995-09-05,547.62,active
C100819,Customer 819,user819@example.com,1995-09-12,3351.97,active
C100820,Customer 820,user820@example.com,1995-09-19,8028.53,active
C100821,Customer 821,user821@example.com,1995-09-26,46.32,active
C100822,Customer 822,user822@example.com,1995-10-03,3334.99,active
C100823,Customer 823,user823@example.com,1995-10-10,3981.69,inactive
C100824,Customer 824,user824@example.com,1995-10-17,5373.96,active
C100825,Customer 825,user825@example.com,1995-10-24,9198.56,active
C100826,Customer 826,user826@example.com,1995-10-31,3463.46,active
C100827,Customer 827,user827@example.com,1995-11-07,3469.53,pending
C100828,Customer 828,user828@example.com,1995-11-14,7375.01,inactive
C100829,Customer 829,user829@example.com,1995-11-21,4522.18,active
C100830,Customer 830,user830@example.com,1995-11-28,2246.05,pending
C100831,Customer 831,user831@example.com,1995-12-05,4524.4,active
C100832,Customer 832,user832@example.com,1995-12-12,1408.57,active
C100833,Customer 833,user833@example.com,1995-12-19,1763.87,inactive
C100834,Customer 834,user834@example.com,1995-12-26,4983.68,inactive
C100835,Customer 835,user835@example.com,1996-01-02,4189.25,active
C100836,Customer 836,user836@example.com,1996-01-09,9148.46,active
C100837,Customer 837,user837@example.com,1996-01-16,3623.94,active
C100838,Customer 838,user838@example.com,1996-01-23,5805.88,pending
C100839,Customer 839,user839@example.com,1996-01-30,6322.64,active
C100840,Customer 840,updated_user840@example.com,1996-02-06,130.94,active
C100841,Customer 841,user841@example.com,1996-02-13,6635.37,active
C100842,Customer 842,user842@example.com,1996-02-20,1780.36,active
C100843,Customer 843,user843@example.com,1996-02-27,9610.7,active
C100844,Customer 844,user844@example.com,1996-03-05,1486.63,pending
C100845,Customer 845,user845@example.com,1996-03-12,4146.24,active
C100846,Customer 846,user846@example.com,1996-03-19,853.5,active
C100847,Customer 847,user847@example.com,1996-03-26,9968.74,active
C100848,Customer 848,user848@example.com,1996-04-02,5021.95,inactive
C100849,Customer 849,user849@example.com,1996-04-09,5953.85,active
C100850,Customer 850 Jr.,user850@example.com,1996-04-16,670.76,active
C100851,Customer 851,user851@example.com,1996-04-23,7499.6,inactive
C100852,Customer 852,user852@example.com,1996-04-30,2099.06,inactive
C100853,Customer 853,user853@example.com,1996-05-07,8980.54,inactive
C100854,Customer 854,user854@example.com,1996-05-14,2051.4,pending
C100855,Customer 855,user855@example.com,1996-05-21,1906.88,active
C100856,Customer 856,user856@example.com,1996-05-28,365.5,inactive
C100857,Customer 857,user857@example.com,1996-06-04,4720.67,active
C100858,Customer 858,user858@example.com,1996-06-11,5648.41,inactive
C100859,Customer 859,user859@example.com,1996-06-18,657.09,inactive
C100860,Customer 860,user860@example.com,1996-06-25,7755.28,inactive
C100861,Customer 861,user861@example.com,1996-07-02,4532.89,active
C100862,Customer 862,user862@example.com,1996-07-09,5243.9,active
C100863,Customer 863,user863@example.com,1996-07-16,4407.63,active
C100864,Customer 864,user864@example.com,1996-07-23,4007.63,pending
C100865,Customer 865,user865@example.com,1996-07-30,5596.4,pending
C100866,Customer 866 Jr.,user866@example.com,1996-08-06,1552.4,active
C100867,Customer 867,user867@example.com,1996-08-13,1819.28,active
C100868,Customer 868,user868@example.com,1996-08-20,8617.86,active
C100869,Customer 869,user869@example.com,1996-08-27,9461.15,inactive
C100870,Customer 870,user870@example.com,1996-09-03,3733.09,inactive
C100871,Customer 871,user871@example.com,1996-09-10,2707.45,active
C100872,Customer 872,user872@example.com,1996-09-17,6440.0,active
C100873,Customer 873,user873@example.com,1996-09-24,4087.34,inactive
C100874,Customer 874,user874@example.com,1996-10-01,253.86,inactive
C100875,Customer 875,user875@example.com,1996-10-08,1561.53,active
C100876,Customer 876,user876@example.com,1996-10-15,7159.72,active
C100877,Customer 877,user877@example.com,1996-10-22,6589.24,inactive
C100878,Customer 878,user878@example.com,1996-10-29,270.96,active
C100879,Customer 879,user879@example.com,1996-11-05,2219.72,active
C100880,Customer 880,user880@example.com,1996-11-12,2310.75,active
C100881,Customer 881,user881@example.com,1996-11-19,6718.93,inactive
C100882,Customer 882,user882@example.com,1996-11-26,197.11,active
C100883,Customer 883,user883@example.com,1996-12-03,1041.09,inactive
C100884,Customer 884,user884@example.com,1996-12-10,7999.16,active
C100885,Customer 885,user885@example.com,1996-12-17,1785.45,active
C100886,Customer 886,user886@example.com,1996-12-24,6527.46,active
C100887,Customer 887,user887@example.com,1996-12-31,2381.83,active
C100888,Customer 888,user888@example.com,1997-01-07,994.41,inactive
C100889,Customer 889,user889@example.com,1997-01-14,2431.72,pending
C100890,Customer 890,user890@example.com,1997-01-21,7222.67,active
C100891,Customer 891,user891@example.com,1997-01-28,8556.96,active
C100892,Customer 892,user892@example.com,1997-02-04,8302.2,inactive
C100893,Customer 893,user893@example.com,1997-02-11,3971.84,active
C100894,Customer 894,user894@example.com,1997-02-18,6680.85,active
C100895,Customer 895,user895@example.com,1997-02-25,2049.84,inactive
C100896,Customer 896,user896@example.com,1997-03-04,2931.48,active
C100897,Customer 897,user897@example.com,1997-03-11,8963.36,active
C100898,Customer 898,user898@example.com,1997-03-18,130.02,active
C100899,Customer 899,user899@example.com,1997-03-25,855.09,inactive
C100900,Customer 900,user900@example.com,1997-04-01,2078.86,active
C100901,Customer 901,user901@example.com,1997-04-08,265.32,active
C100902,Customer 902,user902@example.com,1997-04-15,1814.35,inactive
C100903,Customer 903,user903@example.com,1997-04-22,5830.42,active
C100904,Customer 904,user904@example.com,1997-04-29,4214.25,inactive
C100905,Customer 905,user905@example.com,1997-05-06,8926.72,active
C100906,Customer 906,user906@example.com,1997-05-13,8174.44,active
C100907,Customer 907,user907@example.com,1997-05-20,3418.17,active
C100908,Customer 908,user908@example.com,1997-05-27,2594.23,active
C100909,Customer 909,user909@example.com,1997-06-03,3796.92,active
C100910,Customer 910,user910@example.com,1997-06-10,5902.95,active
C100911,Customer 911,user911@example.com,1997-06-17,2680.64,inactive
C100912,Customer 912,user912@example.com,1997-06-24,6241.49,pending
C100913,Customer 913,user913@example.com,1997-07-01,4160.4,active
C100914,Customer 914,user914@example.com,1997-07-08,5520.47,active
C100915,Customer 915,user915@example.com,1997-07-15,4361.27,inactive
C100916,Customer 916,user916@example.com,1997-07-22,2944.66,inactive
C100917,Customer 917,user917@example.com,1997-07-29,9484.53,active
C100918,Customer 918,user918@example.com,1997-08-05,7636.06,active
C100919,Customer 919,user919@example.com,1997-08-12,1401.13,active
C100920,Customer 920,user920@example.com,1997-08-19,8684.68,active
C100921,Customer 921,user921@example.com,1997-08-26,4874.31,active
C100922,Customer 922,user922@example.com,1997-09-02,8945.52,active
C100923,Customer 923,user923@example.com,1997-09-09,7998.55,active
C100924,Customer 924,user924@example.com,1997-09-16,4252.14,inactive
C100925,Customer 925,user925@example.com,1997-09-23,224.69,active
C100926,Customer 926,user926@example.com,1997-09-30,2686.77,active
C100927,Customer 927,user927@example.com,1997-10-07,5416.34,active
C100928,Customer 928,user928@example.com,1997-10-14,6334.78,active
C100929,Customer 929,user929@example.com,1997-10-21,2578.88,active
C100930,Customer 930,user930@example.com,1997-10-28,1393.56,active
C100931,Customer 931,user931@example.com,1997-11-04,8349.3,active
C100932,Customer 932,user932@example.com,1997-11-11,10687.03,active
C100933,Customer 933,user933@example.com,1997-11-18,5256.9,active
C100934,Customer 934,user934@example.com,1997-11-25,1716.79,active
C100935,Customer 935,user935@example.com,1997-12-02,2723.07,inactive
C100936,Customer 936 Jr.,user936@example.com,1997-12-09,183.91,active
C100937,Customer 937,user937@example.com,1997-12-16,9142.99,inactive
C100938,Customer 938,user938@example.com,1997-12-23,1177.51,active
C100939,Customer 939,user939@example.com,1997-12-30,5765.16,active
C100940,Customer 940,user940@example.com,1998-01-06,2740.55,active
C100941,Customer 941,user941@example.com,1998-01-13,5541.78,active
C100942,Customer 942,user942@example.com,1998-01-20,6514.2,inactive
C100943,Customer 943,user943@example.com,1998-01-27,8297.42,inactive
C100944,Customer 944,user944@example.com,1998-02-03,2064.21,inactive
C100945,Customer 945,user945@example.com,1998-02-10,109.96,active
C100946,Customer 946,user946@example.com,1998-02-17,1368.86,active
C100947,Customer 947,user947@example.com,1998-02-24,9000.19,active
C100948,Customer 948,user948@example.com,1998-03-03,8738.9,active
C100949,Customer 949,user949@example.com,1998-03-10,5403.51,active
C100950,Customer 950,user950@example.com,1998-03-17,6005.17,active
C100951,Customer 951,user951@example.com,1998-03-24,6650.37,active
C100952,Customer 952,user952@example.com,1998-03-31,1753.71,active
C100953,Customer 953,user953@example.com,1998-04-07,9144.12,inactive
C100954,Customer 954,user954@example.com,1998-04-14,4187.71,pending
C100955,Customer 955,user955@example.com,1998-04-21,3831.39,pending
C100956,Customer 956,user956@example.com,1998-04-28,5189.18,active
C100957,Customer 957,user957@example.com,1998-05-05,469.66,active
C100958,Customer 958,user958@example.com,1998-05-12,1662.83,active
C100959,Customer 959,user959@example.com,1998-05-19,7380.34,inactive
C100960,Customer 960,user960@example.com,1998-05-26,827.99,active
C100961,Customer 961,user961@example.com,1998-06-02,6031.52,active
C100962,Customer 962,user962@example.com,1998-06-09,2453.49,inactive
C100963,Customer 963,user963@example.com,1998-06-16,3892.96,active
C100964,Customer 964,user964@example.com,1998-06-23,2886.94,active
C100965,Customer 965,user965@example.com,1998-06-30,3556.73,active
C100966,Customer 966,user966@example.com,1998-07-07,7190.46,active
C100967,Customer 967,user967@example.com,1998-07-14,2971.22,active
C100968,Customer 968,user968@example.com,1998-07-21,5664.05,active
C100969,Customer 969,user969@example.com,1998-07-28,4760.5,active
C100970,Customer 970,user970@example.com,1998-08-04,6636.71,active
C100971,Customer 971,user971@example.com,1998-08-11,9368.3,inactive
C100972,Customer 972,user972@example.com,1998-08-18,7325.72,active
C100973,Customer 973,user973@example.com,1998-08-25,2149.4,active
C100974,Customer 974,user974@example.com,1998-09-01,311.83,active
C100975,Customer 975,user975@example.com,1998-09-08,2622.64,pending
C100976,Customer 976,user976@example.com,1998-09-15,5950.78,active
C100977,Customer 977,user977@example.com,1998-09-22,514.26,active
C100978,Customer 978,user978@example.com,1998-09-29,4963.66,inactive
C100979,Customer 979,user979@example.com,1998-10-06,5968.43,inactive
C100980,Customer 980,user980@example.com,1998-10-13,3342.44,active
C100981,Customer 981,user981@example.com,1998-10-20,7709.12,inactive
C100982,Customer 982,user982@example.com,1998-10-27,1065.98,active
C100983,Customer 983,user983@example.com,1998-11-03,751.38,active
C100984,Customer 984,user984@example.com,1998-11-10,7281.89,active
C100985,Customer 985,user985@example.com,1998-11-17,4954.91,active
C100986,Customer 986 Jr.,user986@example.com,1998-11-24,6884.02,inactive
C100987,Customer 987,updated_user987@example.com,1998-12-01,4348.27,active
C100988,Customer 988,user988@example.com,1998-12-08,2464.02,active
C100989,Customer 989,user989@example.com,1998-12-15,8909.23,inactive
C100990,Customer 990,user990@example.com,1998-12-22,7994.16,inactive
C100991,Customer 991,user991@example.com,1998-12-29,6946.96,active
C100992,Customer 992,user992@example.com,1999-01-05,2721.45,active
C100993,Customer 993,user993@example.com,1999-01-12,5902.31,active
C100994,Customer 994,user994@example.com,1999-01-19,3609.74,inactive
C100995,Customer 995,user995@example.com,1999-01-26,915.82,active
C100996,Customer 996,user996@example.com,1999-02-02,9173.14,pending
C100997,Customer 997,user997@example.com,1999-02-09,1368.19,active
C100998,Customer 998,user998@example.com,1999-02-16,9502.37,active
C100999,Customer 999,user999@example.com,1999-02-23,4460.06,active
NEW0,New Customer 0,new0@example.com,1995-05-15,150.75,active
NEW1,New Customer 1,new1@example.com,1990-12-01,2040.1,pending
NEW2,New Customer 2,new2@example.com,1988-07-07,0.0,active
